# Subcriterios de priorización (CU-PRE-26.5); codigo_criterio = codigo en criterios-priorizacion.csv.
# Datos del CU-PRE-26.5 (Anexo A.1 y Anexo C, versión "Criterios de Priorización_Agosto-2"). Pendiente
# de confirmar por la DGI la versión vigente del catálogo (TRAZABILIDAD-PREINVERSION.md, supuesto 7).
codigo_criterio;codigo;numero;nombre;ponderacion;descripcion_requerimiento
CRIT-1;SUB-1.1;1.1;Tipo y solidez del indicador socioeconómico;25.0;Evaluaría qué indicador de rentabilidad social o costo-eficiencia se utilizó y qué tan rigurosa es su construcción. Según la naturaleza del proyecto, la IE registraría los indicadores calculados (VAN social, TIR, TRI para proyectos con beneficios cuantificables, VAC, CAE o relación costo-eficiencia para proyectos donde los beneficios no son cuantificables monetariamente), la metodología utilizada y los supuestos principales. Cuando el proyecto permita cuantificar beneficios se esperaría un indicador de costo-beneficio, cuando no, se aceptaría costo-eficiencia como alternativa válida.
CRIT-1;SUB-1.2;1.2;Resultado del indicador de evaluación;40.0;Evaluaría el resultado obtenido del indicador en relación con los parámetros de rentabilidad o eficiencia aplicables. Para indicadores de costo-beneficio, la IE contrastaría el resultado con la tasa social de descuento. Para indicadores de costo-eficiencia, contrastaría el costo por unidad de beneficio con referencias sectoriales o proyectos comparables.
CRIT-1;SUB-1.3;1.3;Sustento del cálculo de los beneficios;15.0;Evaluaría qué tan sustentado está la identificación, cuantificación y valoración de los beneficios que el proyecto genera (no quiénes son los beneficiarios sino cuánto aporta el proyecto al bienestar, la productividad o la calidad del servicio). La IE registraría la estimación del valor de los beneficios generados y su justificación metodológica.
CRIT-1;SUB-1.4;1.4;Vinculación entre problema-solución-beneficio;20.0;Evaluaría qué tan explícita y coherente es la cadena lógica entre el problema identificado, la solución propuesta y los beneficios económicos o sociales esperados. La IE registraría esta cadena en el perfil del proyecto (árbol de problemas y de objetivos).
CRIT-2;SUB-2.1;2.1;Rezago del territorio beneficiado;30.0;Evaluaría si el proyecto se ubica en territorios con mayores niveles de rezago en términos de desarrollo humano, pobreza o acceso a servicios. La IE registraría la localización específica y los indicadores de contexto territorial disponibles — Encuesta de Hogares de Propósitos Múltiples u otros indicadores sectoriales aplicables—.
CRIT-2;SUB-2.2;2.2;Brecha que el proyecto contribuye a cerrar;30.0;Evaluaría la brecha (déficit) de infraestructura o servicios que el proyecto atiende, sus fuentes de respaldo y la contribución del proyecto al cierre de la brecha. La IE registraría la brecha identificada, su magnitud y la fuente de información que la sustenta (diagnósticos sectoriales, censos, encuestas de hogares u otras fuentes oficiales).
CRIT-2;SUB-2.3;2.3;Población en condición de vulnerabilidad que el proyecto beneficia;20.0;Evaluaría si el proyecto beneficia de manera directa a población en condición de vulnerabilidad, pobreza extrema, discapacidad, primera infancia, mujeres jefas de hogar, adultos mayores u otros grupos identificados en el perfil. La IE registraría los grupos beneficiados y la proporción que representan dentro de la población total beneficiaria.
CRIT-2;SUB-2.4;2.4;Cobertura territorial de la intervención;20.0;Evaluaría el alcance geográfico del proyecto en términos del número de distritos o departamentos beneficiados, considerando la realidad territorial del país. La IE registraría la cobertura geográfica con el detalle de distritos y departamentos según sea el caso.
CRIT-3;SUB-3.1;3.1;Gestión del riesgo climático y de desastres naturales;35.0;Evaluaría cómo el proyecto gestiona el riesgo climático y de desastres naturales. La IE registraría las actividades relacionadas con ambos elementos, si el proyecto se ubica en una zona con altos niveles de exposición o amenaza.
CRIT-3;SUB-3.2;3.2;Impacto sobre ecosistemas y recursos naturales;35.0;Evaluaría qué tan significativo es el impacto sobre ecosistemas y recursos naturales, y si estos son positivos o negativos. La IE registraría los tipos de impacto y su nivel.
CRIT-3;SUB-3.3;3.3;Emisiones de Gases de Efecto Invernadero;30.0;Evaluaría qué tan significativa es la cantidad de GEI que el proyecto incrementa o disminuye. La IE registraría la cantidad estimada de GEI que el proyecto disminuye o aumenta.
CRIT-4;SUB-4.1;4.1;Avance en estudios de preinversión;45.0;Evaluaría la etapa de preinversión con OT en correspondencia con la ruta de preinversión establecida para cada proyecto. La IE registraría la etapa actual y adjuntaría el documento técnico correspondiente al SIIP para la emisión de OT. Escala sugerida
CRIT-4;SUB-4.2;4.2;Análisis de alternativas y justificación de la solución seleccionada;25.0;Evaluaría si el proyecto identificó y comparó alternativas de solución antes de seleccionar la propuesta. La IE registraría las alternativas consideradas y la justificación técnica de la seleccionada en el perfil del proyecto.
CRIT-4;SUB-4.3;4.3;Definición de metas físicas e indicadores y programación financiera;30.0;Evaluaría si el proyecto tiene definidas metas físicas cuantificables y los indicadores para medirlas. La IE registraría las metas e indicadores del proyecto, y la programación financiera en el SIIP.
CRIT-5;SUB-5.1;5.1;Compatibilidad del costo total y programación financiera de la ejecución;40.0;Evaluaría la consistencia entre el costo total del proyecto (monto de Inversión) y su programación financiera durante el período previsto de ejecución.
CRIT-5;SUB-5.2;5.2;Certidumbre y estructura de las fuentes de financiamiento;40.0;Evaluaría el grado de certidumbre sobre la disponibilidad de los recursos para financiar la inversión. La IE registraría la fuente de financiamiento identificada y su estado de gestión.
CRIT-5;SUB-5.3;5.3;Costos de operación y mantenimiento;20.0;Evaluaría si el proyecto identifica los costos de operación y mantenimiento que se generarán durante su funcionamiento y las fuentes previstas para su atención.
