# Subcriterios de priorización (CU-PRE-25/26.5); codigo_criterio = codigo en criterios-priorizacion.csv.
# Datos de prueba razonables, no el catálogo oficial (ver CatalogoConsolidadoDevSeeder).
codigo_criterio;codigo;numero;nombre;ponderacion
CRIT-1;SUB-1.1;1.1;Contribución al Plan Cuscatlán;15.0
CRIT-1;SUB-1.2;1.2;Contribución a los ODS;15.0
CRIT-2;SUB-2.1;2.1;Población beneficiada;15.0
CRIT-2;SUB-2.2;2.2;Grupos vulnerables atendidos;15.0
CRIT-3;SUB-3.1;3.1;Madurez del estudio de preinversión;15.0
CRIT-3;SUB-3.2;3.2;Disponibilidad de financiamiento;10.0
CRIT-4;SUB-4.1;4.1;Gestión de riesgo ambiental;15.0
